Glacier name;Glacier ID;Start date of observation;End date of observation;Value
Grosser Aletschgletscher;B36-26;01/10/1914;30/09/1915;217
Grosser Aletschgletscher;B36-26;01/10/1915;30/09/1916;771
Grosser Aletschgletscher;B36-26;01/10/1916;30/09/1917;-804
Grosser Aletschgletscher;B36-26;01/10/1917;30/09/1918;304
Grosser Aletschgletscher;B36-26;01/10/1918;30/09/1919;476
Grosser Aletschgletscher;B36-26;01/10/1919;30/09/1920;-106
Grosser Aletschgletscher;B36-26;27/09/1920;28/09/1921;-2166
Grosser Aletschgletscher;B36-26;22/10/1921;25/08/1922;-482
Grosser Aletschgletscher;B36-26;01/10/1922;30/09/1923;-1094
Grosser Aletschgletscher;B36-26;01/10/1923;30/09/1924;-112
Grosser Aletschgletscher;B36-26;01/10/1924;30/09/1925;-443
Grosser Aletschgletscher;B36-26;21/09/1925;25/09/1926;-67
Grosser Aletschgletscher;B36-26;25/09/1926;20/09/1927;-13
Grosser Aletschgletscher;B36-26;20/09/1927;27/09/1928;-632
Grosser Aletschgletscher;B36-26;27/09/1928;10/10/1929;-285
Grosser Aletschgletscher;B36-26;30/09/1929;03/10/1930;-649
Grosser Aletschgletscher;B36-26;03/10/1930;06/10/1931;-336
Grosser Aletschgletscher;B36-26;06/10/1931;14/10/1932;-720
Grosser Aletschgletscher;B36-26;14/10/1932;04/09/1933;-98
Grosser Aletschgletscher;B36-26;04/09/1933;24/09/1934;-1661
Grosser Aletschgletscher;B36-26;01/10/1934;30/09/1935;-878
Grosser Aletschgletscher;B36-26;01/10/1935;30/09/1936;-24
Grosser Aletschgletscher;B36-26;01/10/1936;30/09/1937;-445
Grosser Aletschgletscher;B36-26;01/10/1937;30/09/1938;-559
Grosser Aletschgletscher;B36-26;01/10/1938;30/09/1939;-368
Grosser Aletschgletscher;B36-26;16/09/1939;15/09/1940;914
Grosser Aletschgletscher;B36-26;14/10/1940;20/09/1941;-371
Grosser Aletschgletscher;B36-26;20/09/1941;15/09/1942;-965
Grosser Aletschgletscher;B36-26;15/09/1942;16/09/1943;-490
Grosser Aletschgletscher;B36-26;16/09/1943;10/09/1944;-678
Grosser Aletschgletscher;B36-26;28/08/1944;13/08/1945;152
Grosser Aletschgletscher;B36-26;12/09/1945;09/09/1946;114
Grosser Aletschgletscher;B36-26;18/09/1946;26/08/1947;-1384
Grosser Aletschgletscher;B36-26;05/09/1947;15/08/1948;1302
Grosser Aletschgletscher;B36-26;09/09/1948;20/08/1949;-733
Grosser Aletschgletscher;B36-26;04/09/1949;08/09/1950;-1650
Grosser Aletschgletscher;B36-26;12/09/1950;09/09/1951;101
Grosser Aletschgletscher;B36-26;18/09/1951;20/09/1952;-578
Grosser Aletschgletscher;B36-26;20/09/1952;10/09/1953;56
Grosser Aletschgletscher;B36-26;10/09/1953;10/09/1954;-265
Grosser Aletschgletscher;B36-26;10/09/1954;17/09/1955;374
Grosser Aletschgletscher;B36-26;17/09/1955;15/09/1956;168
Grosser Aletschgletscher;B36-26;20/09/1956;09/10/1957;-293
Grosser Aletschgletscher;B36-26;03/10/1957;10/09/1958;-642
Grosser Aletschgletscher;B36-26;10/09/1958;09/09/1959;-830
Grosser Aletschgletscher;B36-26;09/09/1959;08/09/1960;-162
Grosser Aletschgletscher;B36-26;08/09/1960;12/09/1961;-51
Grosser Aletschgletscher;B36-26;12/09/1961;03/09/1962;-667
Grosser Aletschgletscher;B36-26;03/09/1962;10/09/1963;-498
Grosser Aletschgletscher;B36-26;10/09/1963;08/09/1964;-1387
Grosser Aletschgletscher;B36-26;08/09/1964;06/10/1965;472
Grosser Aletschgletscher;B36-26;06/10/1965;06/09/1966;269
Grosser Aletschgletscher;B36-26;06/09/1966;11/09/1967;-457
Grosser Aletschgletscher;B36-26;11/09/1967;10/09/1968;-157
Grosser Aletschgletscher;B36-26;10/09/1968;08/09/1969;58
Grosser Aletschgletscher;B36-26;08/09/1969;08/09/1970;-400
Grosser Aletschgletscher;B36-26;08/09/1970;07/09/1971;-1018
Grosser Aletschgletscher;B36-26;07/09/1971;12/09/1972;-532
Grosser Aletschgletscher;B36-26;12/09/1972;11/09/1973;-740
Grosser Aletschgletscher;B36-26;11/09/1973;10/09/1974;-288
Grosser Aletschgletscher;B36-26;10/09/1974;09/09/1975;571
Grosser Aletschgletscher;B36-26;09/09/1975;05/09/1976;-826
Grosser Aletschgletscher;B36-26;05/09/1976;03/09/1977;585
Grosser Aletschgletscher;B36-26;03/09/1977;05/09/1978;908
Grosser Aletschgletscher;B36-26;05/09/1978;11/09/1979;-334
Grosser Aletschgletscher;B36-26;11/09/1979;16/09/1980;714
Grosser Aletschgletscher;B36-26;16/09/1980;15/09/1981;-54
Grosser Aletschgletscher;B36-26;15/09/1981;21/09/1982;41
Grosser Aletschgletscher;B36-26;21/09/1982;20/09/1983;120
Grosser Aletschgletscher;B36-26;20/09/1983;18/10/1984;464
Grosser Aletschgletscher;B36-26;21/09/1984;30/09/1985;-76
Grosser Aletschgletscher;B36-26;29/09/1985;30/09/1986;-682
Grosser Aletschgletscher;B36-26;28/09/1986;28/09/1987;0
Grosser Aletschgletscher;B36-26;10/10/1987;04/10/1988;-618
Grosser Aletschgletscher;B36-26;05/10/1988;05/10/1989;-244
Grosser Aletschgletscher;B36-26;06/10/1989;11/10/1990;-1005
Grosser Aletschgletscher;B36-26;12/10/1990;25/09/1991;-1167
Grosser Aletschgletscher;B36-26;09/10/1991;08/10/1992;-1511
Grosser Aletschgletscher;B36-26;01/10/1992;30/09/1993;-69
Grosser Aletschgletscher;B36-26;01/10/1993;30/09/1994;-1043
Grosser Aletschgletscher;B36-26;01/10/1994;30/09/1995;-645
Grosser Aletschgletscher;B36-26;12/10/1995;11/10/1996;-767
Grosser Aletschgletscher;B36-26;11/10/1996;09/10/1997;-888
Grosser Aletschgletscher;B36-26;09/10/1997;05/10/1998;-1072
Grosser Aletschgletscher;B36-26;05/10/1998;12/10/1999;-1085
Grosser Aletschgletscher;B36-26;12/10/1999;07/10/2000;-596
Grosser Aletschgletscher;B36-26;07/10/2000;12/10/2001;-738
Grosser Aletschgletscher;B36-26;12/10/2001;10/10/2002;-511
Grosser Aletschgletscher;B36-26;10/10/2002;14/10/2003;-2009
Grosser Aletschgletscher;B36-26;14/10/2003;13/10/2004;-555
Grosser Aletschgletscher;B36-26;13/10/2004;11/10/2005;-832
Grosser Aletschgletscher;B36-26;11/10/2005;11/10/2006;-1744
Grosser Aletschgletscher;B36-26;11/10/2006;16/10/2007;-1156
Grosser Aletschgletscher;B36-26;16/10/2007;14/10/2008;-1490
Grosser Aletschgletscher;B36-26;14/10/2008;13/10/2009;-1716
Grosser Aletschgletscher;B36-26;13/10/2009;15/10/2010;-982
Grosser Aletschgletscher;B36-26;15/10/2010;13/10/2011;-1724
Grosser Aletschgletscher;B36-26;13/10/2011;06/10/2012;-1926
Grosser Aletschgletscher;B36-26;06/10/2012;18/10/2013;-638
Grosser Aletschgletscher;B36-26;18/10/2013;17/10/2014;-505
Grosser Aletschgletscher;B36-26;17/10/2014;14/10/2015;-1710
Grosser Aletschgletscher;B36-26;14/10/2015;13/10/2016;-779
Grosser Aletschgletscher;B36-26;13/10/2016;05/10/2017;-2217
Grosser Aletschgletscher;B36-26;05/10/2017;19/10/2018;-1350
Grosser Aletschgletscher;B36-26;27/09/2018;03/10/2019;-1721
Grosser Aletschgletscher;B36-26;03/10/2019;18/09/2020;-1165
Grosser Aletschgletscher;B36-26;18/09/2020;24/09/2021;-114
Grosser Aletschgletscher;B36-26;24/09/2021;21/09/2022;-3041
Grosser Aletschgletscher;B36-26;21/09/2022;20/09/2023;-1576
Grosser Aletschgletscher;B36-26;20/09/2023;19/09/2024;-1311
